id,filename,format,width,height,role,location_or_subject,era,confidence,usable_for_geometry,notes
01,01_主楼正面特写_绿玻璃塔楼.webp,WEBP,unknown,unknown,primary facade reference,main teaching building south entrance,unknown,high,partial,"Perspective and trees; use for facade proportions/details, not as whole-building texture"
02,02_教室内景_教育局.jpeg,JPEG,1080,810,interior reference,classroom,unknown,medium,partial,"Reference for one representative classroom; age and building unconfirmed"
03,03_校园航拍_全景.jpg,JPEG,707,471,layout reference,whole campus and hills,unknown,high,partial,"Primary massing/layout evidence; aerial perspective, no survey scale"
04,04_老照片_小花园望主楼.jpg,JPEG,640,1131,layout/material reference,left garden looking toward main building,historic,high,partial,"Garden composition and historic atmosphere; strong perspective and occlusion"
05,05_主楼正面全景_约2015.jpg,JPEG,640,853,facade reference,main teaching building south facade,about 2015,medium,partial,"Vertical framing; useful for floor/window count"
06,06_广场课间操全景_布局关键图.jpg,JPEG,853,640,layout reference,front plaza and exercise area,unknown,high,partial,"Key plaza and red frame evidence; camera perspective"
07,07_主楼正面_官方.jpg,JPEG,600,391,facade reference,main teaching building south facade,unknown,medium,partial,"Side-on official view; useful cross-check"
08-01,08_文艺汇演2015_01.jpg,JPEG,900,600,memory/event reference,school performance area,2015,medium,no,"Event context; stage location unresolved"
08-02,08_文艺汇演2015_02.jpg,JPEG,900,600,memory/event reference,school performance area,2015,medium,no,"Event context; stage location unresolved"
08-03,08_文艺汇演2015_03.jpg,JPEG,900,600,memory/event reference,school performance area,2015,medium,no,"Event context; stage location unresolved"
08-04,08_文艺汇演2015_04.jpg,JPEG,900,600,memory/event reference,school performance area,2015,medium,no,"Event context; stage location unresolved"
08-05,08_文艺汇演2015_05.jpg,JPEG,900,600,memory/event reference,school performance area,2015,medium,no,"Event context; stage location unresolved"
08-06,08_文艺汇演2015_06.jpg,JPEG,900,600,memory/event reference,school performance area,2015,medium,no,"Event context; stage location unresolved"
08-07,08_文艺汇演2015_07.jpg,JPEG,900,600,memory/event reference,school performance area,2015,medium,no,"Event context; stage location unresolved"
08-08,08_文艺汇演2015_08.jpg,JPEG,150,150,memory/event reference,school performance area,2015,low,no,"Small source image; event context only"
09,09_主楼正面_校史征集文章.jpg,JPEG,600,391,facade reference,main teaching building south facade,unknown,medium,partial,"Same/similar official view; cross-check against 01/05/07"
10,10_教学楼外廊_侧后视角.jpg,JPEG,800,600,primary architecture reference,teaching building corridor and rear,unknown,high,yes,"Primary source for corridor depth, blue band and rear massing"
11,11_红色拱门架_2013挂横幅.jpg,JPEG,800,600,architecture reference,red truss gate,2013,high,yes,"Geometry and material source; location marked unresolved"
12,12_教学楼正面全景_三旗杆.jpg,JPEG,800,600,layout/facade reference,main facade,flag platform and plaza,unknown,high,partial,"Three flagpoles and plaza alignment"
13,13_教学楼外廊近景_瓷砖蓝带.jpg,JPEG,800,600,material reference,teaching corridor,unknown,high,yes,"Tile, blue band, railings and banners"
14,14_升旗仪式_三旗杆.jpg,JPEG,800,600,prop/layout reference,flag platform,unknown,medium,partial,"Flagpole proportions and ceremony context"
15,15_公寓楼外观_卷闸门.jpg,JPEG,900,505,architecture reference,student dormitory,unknown,medium,yes,"Dorm tile, band, windows and rolling doors"
16,16_学生公寓_栅栏门水瓶棕榈.jpg,JPEG,900,507,architecture/prop reference,dorm entrance,unknown,medium,partial,"Gate, bottles and palms; dorm identity unresolved"
17,17_篮球场夜晚_下课人流.jpg,JPEG,640,360,environment reference,basketball court and red wall,unknown,medium,partial,"Night material/light reference; exact position unresolved"
18,18_晚自习夜景_亮灯.jpg,JPEG,900,505,lighting reference,dorm/court night view,unknown,medium,partial,"Night window lighting and lamp atmosphere"
19,19_小花园凉亭_百科.jpg,JPEG,600,400,architecture reference,left garden pavilion,unknown,medium,yes,"Six-sided red roof pavilion"
20,20_小花园全景_石榴花与白顶棚.jpg,JPEG,496,371,layout reference,left/right garden composition,unknown,high,partial,"Garden paths, canopy, vegetation and main-building relation"
21,21_篮球场群军训汇演_2014.jpg,JPEG,500,400,layout reference,basketball court group and red wall,2014,high,partial,"Multiple courts and stage/wall evidence; map position unresolved"
22,22_科技实验楼_正面.jpg,JPEG,600,370,primary architecture reference,science experiment building,unknown,high,yes,"Green tower and SCIENCE BUILDING sign"
23,23_小花园凉亭近景_蜂窝砖.jpg,JPEG,200,267,material reference,pavilion and honeycomb paving,unknown,medium,partial,"Small image; paving/water feature clues"
24,24_喷泉假山水池_棕榈.jpg,JPEG,200,267,prop/material reference,fountain/rock pool and palms,unknown,medium,partial,"Small image; water orientation unresolved"
25,25_雪天广场全景.jpg,JPEG,900,506,layout reference,front plaza and surrounding buildings,unknown,medium,partial,"Shows more buildings than current sketch; conflict C-01"
26,26_教学楼外廊黄昏_宣传栏.jpg,JPEG,640,853,material reference,corridor and display boards,unknown,medium,yes,"Red brick paving, hedge and display board"
27,27_教学楼正面蓝天全景.jpg,JPEG,720,540,facade reference,main teaching building,unknown,medium,partial,"Facade proportion cross-check"
28,28_办公楼_绿圆筒塔金字.jpg,JPEG,675,900,primary architecture reference,teacher office building,unknown,high,yes,"Green cylindrical tower and red frame wings"
29,29_红色钟楼门架_楼间.jpg,JPEG,853,640,architecture reference,between-building gate,unknown,medium,yes,"Location and exact relation unresolved"
30,30_楼间庭院_圆形外挂楼梯.jpg,JPEG,562,750,architecture reference,between-building courtyard and stair,unknown,medium,yes,"External stair, tile band and courtyard details"
31,31_外廊近景_书法展板.jpg,JPEG,422,750,material reference,teaching corridor,unknown,medium,yes,"Display board and rail detail"
MAP-01,分布图v2预览.png,PNG,1100,1500,layout hypothesis,hand-drawn campus plan,2026-09-04,medium,yes,"Working layout; question marks and conflict notes remain"
MAP-02,分布图结构.png,PNG,993,1279,layout hypothesis,hand-drawn campus structure,2026-09-04,medium,yes,"Earlier structure sketch; retain for conflict comparison"
MAP-03,分布图预览.png,PNG,1100,1400,layout hypothesis,hand-drawn campus plan,2026-09-04,medium,yes,"Earlier preview; retain as historical evidence"
